production_budget_usd,worldwide_gross_usd
425000000,2783918982
306000000,2058662225
300000000,879620923
300000000,963420425
275000000,282778100
275000000,260002115
275000000,1084439099
260000000,586581936
258000000,890875303
250000000,1237444462
250000000,1045663875
250000000,955119788
250000000,960366855
250000000,935083686
250000000,1017003568
250000000,868160194
250000000,1151684349
250000000,1404705868
232000000,374085065
230000000,591692078
230000000,776037086
225000000,417341288
225000000,667999518
225000000,1066215812
225000000,1519479547
220000000,757890267
217000000,568923844
215000000,654213485
215000000,1671640593
210000000,322241588
210000000,459359555
210000000,1104039076
210000000,836519699
209000000,305218228
207000000,550517357
205000000,367262558
200000000,314594597
200000000,219535492
200000000,365491792
200000000,788408539
200000000,400062763
200000000,560155383
200000000,708996336
200000000,747862775
200000000,490359051
200000000,743588329
200000000,1110526981
200000000,1025491110
200000000,783705001
200000000,858470006
200000000,1215392272
200000000,1069818229
200000000,1022617376
200000000,1050988488
200000000,2207615668
195000000,197687603
195000000,397644453
195000000,1123790543
190000000,411002906
190000000,315709697
190000000,351040419
190000000,531514650
190000000,467381584
190000000,1516748684
187500000,334342692
186000000,584604126
185000000,336398312
185000000,561137727
185000000,554606532
185000000,786558145
185000000,1002572859
180000000,52573132
180000000,180047784
180000000,349143061
180000000,256585882
180000000,532590994
180000000,803798342
180000000,758536735
180000000,720539572
179000000,181982519
178000000,370541256
178000000,542742489
175000000,151716815
175000000,140012608
175000000,264246220
175000000,174131329
175000000,405760225
175000000,221229335
175000000,302469017
175000000,381687380
175000000,638087983
175000000,731542621
175000000,746100054
175000000,853707581
175000000,963901123
170000000,277442381
170000000,207283457
170000000,300150546
170000000,433058296
170000000,401021746
170000000,319090241
170000000,710644566
170000000,714401889
170000000,623561331
170000000,771100771
165000000,387644286
165000000,668913307
165000000,496511521
165000000,494870991
165000000,652127828
165000000,677541920
165000000,756244673
163000000,175910315
160000000,433125655
160000000,181674817
160000000,217986320
160000000,329809326
160000000,355408305
160000000,529076069
160000000,789300444
160000000,650523427
160000000,832584416
160000000,807330936
160000000,1260122363
156000000,113611666
155000000,167297191
155000000,440160956
155000000,418186950
152000000,225986078
151500000,449239855
151000000,708272592
150000000,39549758
150000000,123888320
150000000,331775766
150000000,142634358
150000000,205440387
150000000,238202668
150000000,194995215
150000000,305270083
150000000,235907054
150000000,328015209
150000000,292817841
150000000,287594577
150000000,319713881
150000000,484161265
150000000,490875846
150000000,397501348
150000000,427300260
150000000,370742166
150000000,664837547
150000000,402231063
150000000,374825760
150000000,599516844
150000000,449326618
150000000,700868363
150000000,359142722
150000000,644602516
150000000,626549695
150000000,475825484
150000000,624234272
150000000,639537208
150000000,585532684
150000000,738576929
150000000,896911078
150000000,942943935
150000000,1019922983
150000000,785964691
150000000,1274234980
149000000,179357126
145000000,121671925
145000000,306900902
145000000,269806430
145000000,448191819
145000000,616102924
145000000,694713230
145000000,746921271
144000000,229034050
142000000,431942139
140000000,133553464
140000000,154110769
140000000,268314513
140000000,203018919
140000000,456810575
140000000,375740705
140000000,285400000
140000000,518614384
140000000,370569776
140000000,441767803
140000000,554600000
140000000,385680446
139000000,821706375
138000000,76416746
138000000,184068357
137500000,263417913
137000000,85131830
137000000,245229234
136200000,829724737
135000000,163818556
135000000,157956466
135000000,245623848
135000000,286896578
135000000,212912137
135000000,245504574
135000000,361730660
135000000,532950503
135000000,573068425
132000000,367650911
132000000,606836535
130000000,79076678
130000000,215080810
130000000,251499665
130000000,373993951
130000000,352831065
130000000,290650494
130000000,493738435
130000000,273271982
130000000,321887208
130000000,554987477
130000000,386069390
130000000,518602163
130000000,631910531
130000000,442161562
130000000,796688549
130000000,864868047
127500000,356148063
127500000,689420051
127000000,356546621
127000000,615577068
125000000,61698899
125000000,61681268
125000000,240497948
125000000,211856088
125000000,238317814
125000000,280355920
125000000,402448265
125000000,376000000
125000000,344780046
125000000,493214888
125000000,492557218
125000000,556319450
125000000,535663443
125000000,485004754
125000000,629969804
125000000,407711549
125000000,767820459
125000000,960283305
125000000,634954103
125000000,974755371
125000000,766652288
125000000,1341511219
123000000,345141403
120000000,49628177
120000000,163018913
120000000,93394462
120000000,167117548
120000000,107212751
120000000,242981799
120000000,166000000
120000000,140845191
120000000,287916633
120000000,286192091
120000000,227200000
120000000,229545589
120000000,607987022
120000000,288215319
120000000,416197059
120000000,328711434
120000000,549588516
117000000,258751370
115000000,77628265
115000000,165149302
115000000,178200000
115000000,416456852
115000000,559757719
115000000,656695615
115000000,848998877
115000000,1027044677
113500000,132999811
112000000,232017848
110000000,72004159
110000000,167918847
110000000,218853353
110000000,150468000
110000000,76482461
110000000,127983283
110000000,152364370
110000000,171484051
110000000,348547523
110000000,177241171
110000000,263880341
110000000,296642834
110000000,229155503
110000000,302211243
110000000,208370892
110000000,330780051
110000000,215300000
110000000,339504276
110000000,362989076
110000000,295279072
110000000,382288147
110000000,563749323
110000000,469590832
110000000,486124090
110000000,579446407
110000000,695941797
109000000,87683966
109000000,133818283
109000000,887210985
108000000,663851905
105000000,10364769
105000000,403841637
105000000,269065678
105000000,270997378
105000000,298815224
105000000,348629585
103300000,232643008
103000000,362000072
103000000,457683805
102500000,212282709
102000000,130673154
102000000,358824714
102000000,594420283
100000000,98227017
100000000,7094995
100000000,59918422
100000000,103039258
100000000,90420758
100000000,128131571
100000000,97523020
100000000,91800000
100000000,209461378
100000000,82145379
100000000,95255485
100000000,69548641
100000000,121100000
100000000,139716717
100000000,171377916
100000000,145395745
100000000,96221971
100000000,212026975
100000000,278731369
100000000,243388614
100000000,249488115
100000000,99123656
100000000,311979256
100000000,169296573
100000000,325500000
100000000,234400000
100000000,262794441
100000000,391976723
100000000,212956024
100000000,170936470
100000000,236827677
100000000,267985456
100000000,365300000
100000000,310650574
100000000,449948323
100000000,331323410
100000000,362211740
100000000,336529144
100000000,513815401
100000000,878979634
99000000,250474038
98000000,435040395
97000000,183124621
95000000,110623265
95000000,88725100
95000000,94894448
95000000,65700000
95000000,263900000
95000000,169511609
95000000,104907746
95000000,223050874
95000000,294680778
95000000,159691085
95000000,879765137
95000000,534551353
94000000,404561724
94000000,273330185
94000000,934699645
94000000,1141403341
94000000,936429370
93000000,482860185
93000000,365900000
92500000,162839667
92000000,18517322
92000000,23911362
92000000,304249198
92000000,614726752
91000000,188536838
90000000,20466016
90000000,10020889
90000000,139877913
90000000,63356133
90000000,65716126
90000000,140900000
90000000,120100000
90000000,203877963
90000000,87420776
90000000,106000000
90000000,169400000
90000000,143049560
90000000,328675540
90000000,157092943
90000000,200859554
90000000,162753837
90000000,191200000
90000000,155750628
90000000,235900000
90000000,244126300
90000000,203902107
90000000,186049020
90000000,249520430
90000000,159762983
90000000,366101666
90000000,202910991
90000000,165900000
90000000,239373970
90000000,191091250
90000000,303500000
90000000,259736090
90000000,289660619
90000000,487519809
90000000,288693989
90000000,859701857
90000000,498438212
90000000,347425832
90000000,511358276
90000000,587790539
88000000,105021488
88000000,495700000
87500000,330717080
87000000,350100280
86000000,148715342
85000000,35681080
85000000,74132631
85000000,48056764
85000000,83080084
85000000,113487912
85000000,78948765
85000000,78353508
85000000,44650003
85000000,345114933
85000000,114979922
85000000,149717124
85000000,80831893
85000000,137298489
85000000,96971293
85000000,161510853
85000000,157794205
85000000,205190324
85000000,173613482
85000000,66941559
85000000,150422946
85000000,191932158
85000000,250649836
85000000,224614744
85000000,311744465
85000000,185708462
85000000,208542162
85000000,340384141
85000000,378505812
85000000,276014965
85000000,299477886
85000000,363064265
85000000,315268353
85000000,288587450
85000000,450728529
85000000,385000317
85000000,427230516
84000000,137162560
84000000,166307945
84000000,276294164
82500000,160388063
82500000,223636949
82500000,143985708
82500000,237685089
82000000,96024898
82000000,268268174
82000000,190320568
81000000,484468608
80000000,4547660
80000000,6300451
80000000,9103630
80000000,40147042
80000000,113325743
80000000,33463969
80000000,20841123
80000000,69131860
80000000,86787530
80000000,26703184
80000000,53508858
80000000,54540662
80000000,29725663
80000000,108469033
80000000,131234406
80000000,158908290
80000000,66554547
80000000,130580730
80000000,99010667
80000000,101371017
80000000,105299638
80000000,98341932
80000000,119668350
80000000,58270391
80000000,141475336
80000000,50632037
80000000,71485043
80000000,98983590
80000000,60507228
80000000,131159306
80000000,181038616
80000000,96148711
80000000,136047317
80000000,147080413
80000000,106515310
80000000,164800000
80000000,142783718
80000000,233066978
80000000,170805525
80000000,158926474
80000000,210253368
80000000,250200000
80000000,180188905
80000000,177993801
80000000,158750817
80000000,165173909
80000000,204774690
80000000,224117573
80000000,178066569
80000000,182782518
80000000,214974953
80000000,183354514
80000000,221468935
80000000,241200000
80000000,168311558
80000000,266685242
80000000,299461782
80000000,260700012
80000000,226739416
80000000,349088523
80000000,247023808
80000000,349464664
80000000,245800000
80000000,343397247
80000000,416385488
80000000,266824291
80000000,470751398
80000000,310940997
80000000,457697994
80000000,586464305
80000000,677923379
79300000,987480140
79000000,150519217
79000000,318146162
78000000,43957541
78000000,179265204
78000000,108086731
78000000,206455420
78000000,274392649
78000000,317668058
77600000,60680125
77500000,90905178
76000000,35129610
76000000,69845011
76000000,236410607
76000000,975216835
75000000,5409517
75000000,30626690
75000000,14623082
75000000,34009180
75000000,36751979
75000000,50409753
75000000,219572877
75000000,77636443
75000000,89758389
75000000,127361412
75000000,39251128
75000000,71523271
75000000,54344321
75000000,72785169
75000000,85632458
75000000,105445109
75000000,95572749
75000000,131492772
75000000,94944017
75000000,73521587
75000000,119512771
75000000,213500000
75000000,141267370
75000000,221594911
75000000,218673959
75000000,211562435
75000000,97387965
75000000,155708695
75000000,342769200
75000000,203035572
75000000,196320329
75000000,336069511
75000000,342416460
75000000,296339717
75000000,371917043
75000000,272223430
75000000,556559566
75000000,651899282
75000000,618638999
75000000,823755831
75000000,627886287
75000000,817400878
75000000,875958307
74000000,311594032
74000000,1167245366
73243106,248099143
73000000,50168294
73000000,103891409
73000000,352829528
73000000,162870525
72500000,86509602
72500000,71880305
72500000,109362966
72500000,527071022
72000000,62176754
72000000,37306334
72000000,54616869
72000000,96947540
72000000,209045522
72000000,176101721
71682975,257641634
71500000,294156605
70702619,408269295
70000000,38992292
70000000,35417162
70000000,19548419
70000000,20107933
70000000,13596911
70000000,14294842
70000000,58953319
70000000,25852508
70000000,33076815
70000000,19870567
70000000,65409046
70000000,103735965
70000000,48197252
70000000,54612337
70000000,69157016
70000000,60279822
70000000,49730854
70000000,131445884
70000000,61031932
70000000,137022245
70000000,116625798
70000000,88933562
70000000,70546865
70000000,137431619
70000000,54243125
70000000,94973540
70000000,220241723
70000000,160379930
70000000,131011757
70000000,123954323
70000000,117800000
70000000,174102281
70000000,158702748
70000000,114658262
70000000,156815529
70000000,172543519
70000000,213463976
70000000,150562164
70000000,250700000
70000000,202726605
70000000,207068340
70000000,207154748
70000000,239814025
70000000,300854823
70000000,316915264
70000000,308700000
70000000,267200000
70000000,310138178
70000000,351500000
70000000,443483213
70000000,461651246
70000000,937008132
69000000,86796502
69000000,543495033
68000000,60265197
68000000,33462011
68000000,75685268
68000000,77224232
68000000,87173475
68000000,113542091
68000000,217022588
68000000,193500000
68000000,706102828
67500000,137489730
67500000,118556530
67500000,350976753
67000000,25357771
67000000,18115927
66000000,194169619
66000000,189176423
66000000,211700000
65000000,122519874
65000000,26670920
65000000,10014234
65000000,21778555
65000000,39499349
65000000,17218916
65000000,74575290
65000000,41636243
65000000,56409722
65000000,38253433
65000000,58545540
65000000,62761005
65000000,33447612
65000000,72516819
65000000,100851897
65000000,39017984
65000000,238940997
65000000,221662676
65000000,43545364
65000000,48164150
65000000,132397389
65000000,154362963
65000000,156974557
65000000,104267443
65000000,180148897
65000000,141205169
65000000,69688384
65000000,163295654
65000000,148345997
65000000,137768975
65000000,255000000
65000000,139840525
65000000,128874043
65000000,233700000
65000000,262758310
65000000,128468793
65000000,211739043
65000000,233125712
65000000,163527824
65000000,250800000
65000000,261400000
65000000,172825854
65000000,442169052
65000000,463517383
65000000,334100000
65000000,386116343
65000000,273346281
65000000,374105123
65000000,485035085
64000000,63200000
64000000,101636047
63700000,133603463
63000000,25052000
63000000,188657593
63000000,292738626
63000000,1038812584
62000000,18708848
62000000,40123346
62000000,145443360
62000000,107822813
62000000,127630030
62000000,207500000
61000000,132493015
61000000,310697192
61000000,145594548
61000000,368567189
60720000,552198479
60000000,194058503
60000000,11427090
60000000,13233220
60000000,30396134
60000000,20830546
60000000,10597070
60000000,50648806
60000000,12069719
60000000,22468620
60000000,14816379
60000000,14816494
60000000,66655938
60000000,20541668
60000000,39006188
60000000,35319689
60000000,49238525
60000000,48585416
60000000,49473093
60000000,80767884
60000000,26673242
60000000,71073932
60000000,147985373
60000000,84154026
60000000,30063805
60000000,39235486
60000000,75965567
60000000,38389024
60000000,54994757
60000000,47371191
60000000,32983332
60000000,33956608
60000000,121327628
60000000,47818913
60000000,78080697
60000000,36850101
60000000,88832210
60000000,124514011
60000000,78481410
60000000,81079566
60000000,108996113
60000000,82150183
60000000,67312826
60000000,82812456
60000000,57604723
60000000,197242826
60000000,104100903
60000000,68336997
60000000,95538560
60000000,160700000
60000000,101382396
60000000,104324083
60000000,131377412
60000000,104429625
60000000,111946251
60000000,90482317
60000000,100645801
60000000,98819789
60000000,159356941
60000000,108119662
60000000,101134059
60000000,56709981
60000000,169740988
60000000,160038407
60000000,99823958
60000000,129832389
60000000,87123569
60000000,71719931
60000000,193857962
60000000,162778384
60000000,90723216
60000000,252091016
60000000,165048228
60000000,102332848
60000000,126037057
60000000,186883563
60000000,100230832
60000000,137551594
60000000,124715863
60000000,130968579
60000000,217370736
60000000,206598789
60000000,135015330
60000000,157670733
60000000,170200225
60000000,196439693
60000000,165890634
60000000,152457863
60000000,199043309
60000000,200700000
60000000,217670152
60000000,218613188
60000000,149705852
60000000,164285587
60000000,176262839
60000000,356429941
60000000,172450423
60000000,214357371
60000000,238552082
60000000,264118201
60000000,310043823
60000000,290701374
60000000,247812011
60000000,253555383
60000000,454161935
60000000,457729388
60000000,516567575
58000000,30118557
58000000,80480566
58000000,100993260
58000000,41348628
58000000,59431365
58000000,93672764
58000000,100687083
58000000,50365498
58000000,87100000
58000000,188715611
58000000,158905324
58000000,547326372
58000000,801029249
57500000,58085235
57500000,295874190
57500000,415247258
57000000,62097495
57000000,38329114
57000000,104364680
57000000,149217355
57000000,153007424
56000000,386096060
56000000,47313824
56000000,198006880
56000000,195660942
55000000,1807990
55000000,1147784
55000000,6521829
55000000,69759296
55000000,28231444
55000000,9521458
55000000,22597969
55000000,11532774
55000000,12923936
55000000,16123323
55000000,74870866
55000000,18582965
55000000,60209334
55000000,53913573
55000000,136143605
55000000,75466595
55000000,43980363
55000000,63537164
55000000,34105207
55000000,47213095
55000000,67130045
55000000,113805580
55000000,38564422
55000000,90552675
55000000,70692101
55000000,74545591
55000000,151947179
55000000,79312301
55000000,154017885
55000000,129075270
55000000,158500000
55000000,110387072
55000000,122079192
55000000,71189835
55000000,149022650
55000000,63408614
55000000,153535982
55000000,98699769
55000000,189624452
55000000,176469428
55000000,196565669
55000000,87524497
55000000,259541430
55000000,198750909
55000000,212200000
55000000,214392904
55000000,159387195
55000000,163838217
55000000,152269033
55000000,282300000
55000000,192903624
55000000,126425115
55000000,174463257
55000000,220648184
55000000,376856949
55000000,273814019
55000000,300200000
55000000,347100000
55000000,307325633
55000000,304599899
55000000,366784257
55000000,362605033
55000000,679850637
54000000,7126002
54000000,50719373
54000000,66520529
54000000,166617328
54000000,130402010
54000000,154338601
54000000,108185706
53012938,107190108
53000000,22852487
53000000,50187789
53000000,63657941
53000000,54207112
53000000,179209685
53000000,139801290
53000000,98837872
53000000,131159781
53000000,109848461
52500000,134612435
52000000,23010607
52000000,53139168
52000000,47407635
52000000,97709034
52000000,75835124
52000000,110400000
52000000,217569328
52000000,205727307
52000000,615748877
52000000,355612291
51000000,46815807
51000000,118583844
51000000,149270999
50200000,126931325
50000000,15505922
50000000,26387039
50000000,1250617
50000000,3434330
50000000,6291602
50000000,6626115
50000000,37472651
50000000,8374062
50000000,12335036
50000000,9812870
50000000,22969202
50000000,10359006
50000000,10561038
50000000,41042583
50000000,26097497
50000000,14271297
50000000,16581575
50000000,56077088
50000000,41982227
50000000,60282876
50000000,28920188
50000000,22099706
50000000,42002029
50000000,23152062
50000000,41642166
50000000,34301950
50000000,26121638
50000000,31333917
50000000,34806726
50000000,40119848
50000000,25426861
50000000,53850527
50000000,26199517
50000000,66961644
50000000,42598498
50000000,64477051
50000000,27100030
50000000,27366288
50000000,80583311
50000000,52987754
50000000,55348693
50000000,83306268
50000000,56643267
50000000,105246941
50000000,113309743
50000000,89895930
50000000,34645374
50000000,46112640
50000000,57261763
50000000,49928680
50000000,62209892
50000000,38590458
50000000,69425966
50000000,39778599
50000000,263894551
50000000,55489826
50000000,62967368
50000000,41476097
50000000,119180938
50000000,83034523
50000000,49105766
50000000,50054511
50000000,94704227
50000000,76119388
50000000,156602194
50000000,48169156
50000000,80369970
50000000,82751189
50000000,50068310
50000000,97651543
50000000,125168734
50000000,92690959
50000000,119114494
50000000,69411370
50000000,104488383
50000000,146195159
50000000,214949716
50000000,236799211
50000000,71052604
50000000,156399644
50000000,88316835
50000000,144110682
50000000,117211892
50000000,105103783
50000000,67823573
50000000,130214162
50000000,96469187
50000000,208094550
50000000,111300835
50000000,118729073
50000000,161941727
50000000,186450317
50000000,152022333
50000000,161626121
50000000,147142328
50000000,185798265
50000000,128402901
50000000,238059569
50000000,159745279
50000000,222383055
50000000,225990976
50000000,223564608
50000000,178890782
50000000,257805243
50000000,171269535
50000000,257972745
50000000,172185754
50000000,217196811
50000000,203502372
50000000,202173000
50000000,314111923
50000000,238757137
50000000,274000000
50000000,390500000
50000000,331333876
50000000,556016627
50000000,491812794
50000000,687557727
49000000,71004627
49000000,20423389
49000000,105002056
49000000,72689126
48000000,25928721
48000000,77562568
48000000,90376224
48000000,70937778
48000000,50315140
48000000,71171825
48000000,86607223
48000000,112610386
48000000,107752036
48000000,151463090
48000000,124304264
48000000,327656424
48000000,196308367
48000000,208300000
48000000,248218486
48000000,474171806
47500000,18329653
47500000,112214531
47000000,12900000
47000000,11022696
47000000,14970038
47000000,37923818
47000000,29781453
47000000,116773317
47000000,102825796
47000000,203178872
47000000,162738726
46500000,16149791
46000000,4408636
46000000,100833145
46000000,113402302
46000000,113622499
46000000,150000000
46000000,160648493
46000000,298923419
45000000,73706
45000000,2154540
45000000,31681811
45000000,31077418
45000000,76904429
45000000,8488871
45000000,9676497
45000000,164539660
45000000,11203026
45000000,21544732
45000000,41467606
45000000,34668249
45000000,46598133
45000000,18120267
45000000,65532491
45000000,17492014
45000000,17220599
45000000,32952995
45000000,29406132
45000000,20133326
45000000,36404841
45000000,112006296
45000000,70216497
45000000,79564960
45000000,29367143
45000000,59551283
45000000,27447471
45000000,163126676
45000000,49610898
45000000,61475984
45000000,35627222
45000000,65595141
45000000,43343247
45000000,54855235
45000000,127990741
45000000,94215000
45000000,80594860
45000000,48563556
45000000,146162920
45000000,102746214
45000000,55842724
45000000,72359917
45000000,75854588
45000000,91342494
45000000,57362581
45000000,58617334
45000000,247950247
45000000,113916474
45000000,113417762
45000000,136998907
45000000,66790248
45000000,135808837
45000000,76665507
45000000,131237688
45000000,141189101
45000000,90523726
45000000,170327930
45000000,104505362
45000000,155931301
45000000,178100000
45000000,160971922
45000000,117615211
45000000,174810815
45000000,122071435
45000000,187995859
45000000,243180937
45000000,213420951
45000000,155200000
45000000,358500000
45000000,377807404
45000000,363095319
45000000,302710615
44500000,227140757
44000000,3484523
44000000,12342632
44000000,22730924
44000000,48478084
44000000,165600852
44000000,300400000
44000000,353715317
43000000,45095823
43000000,63078756
43000000,49037621
43000000,62063972
43000000,80013623
43000000,229727774
42500000,76347393
42000000,182156
42000000,83833602
42000000,11756922
42000000,4408420
42000000,8514325
42000000,45688337
42000000,66787173
42000000,20844907
42000000,60437727
42000000,56331864
42000000,36197221
42000000,156167015
42000000,56438555
42000000,91678442
42000000,41267469
42000000,63781100
42000000,73239258
42000000,57850343
42000000,71000000
42000000,130788243
42000000,131052444
42000000,173044410
42000000,227793915
42000000,363728226
42000000,202812429
42000000,270340892
41000000,7684524
41000000,22108977
41000000,100622586
41000000,245768384
40000000,196090
40000000,1079040
40000000,27000381
40000000,79123
40000000,38899792
40000000,463730
40000000,119627047
40000000,20722450
40000000,7729552
40000000,915840
40000000,6341825
40000000,25863458
40000000,14938149
40000000,32030610
40000000,88069880
40000000,16172200
40000000,12624471
40000000,33175076
40000000,7974607
40000000,26736665
40000000,7000000
40000000,16173593
40000000,10070651
40000000,17033431
40000000,10717421
40000000,13644292
40000000,12345883
40000000,13208023
40000000,35195939
40000000,13508635
40000000,21215882
40000000,39753957
40000000,19756077
40000000,14358033
40000000,14375181
40000000,14448589
40000000,14942422
40000000,19417182
40000000,60862471
40000000,20790486
40000000,169590606
40000000,25268680
40000000,20278055
40000000,37750754
40000000,47085064
40000000,46176322
40000000,22365133
40000000,22433915
40000000,38172500
40000000,24172899
40000000,91126600
40000000,30576502
40000000,62226214
40000000,65754228
40000000,78269970
40000000,307353906
40000000,27053815
40000000,27682712
40000000,28544120
40000000,31670620
40000000,40435694
40000000,69807260
40000000,30199105
40000000,46666955
40000000,59795070
40000000,31835600
40000000,55247881
40000000,44383030
40000000,49686263
40000000,47787943
40000000,55696705
40000000,53864342
40000000,34416893
40000000,51867723
40000000,96398826
40000000,72295262
40000000,41294674
40000000,101162106
40000000,90717684
40000000,38087756
40000000,95989590
40000000,126069509
40000000,103429755
40000000,128884494
40000000,50071069
40000000,155011165
40000000,86778557
40000000,58250151
40000000,44948240
40000000,45916769
40000000,106548738
40000000,65282732
40000000,92256918
40000000,92111551
40000000,49851591
40000000,146300356
40000000,121032272
40000000,191200000
40000000,55249159
40000000,127234389
40000000,114830111
40000000,104407366
40000000,75389090
40000000,105945357
40000000,87949859
40000000,71743823
40000000,74156610
40000000,58501127
40000000,118097882
40000000,87145086
40000000,58855732
40000000,141484812
40000000,91455875
40000000,136123083
40000000,139474906
40000000,187384627
40000000,145238250
40000000,158701644
40000000,137047376
40000000,205400000
40000000,70836296
40000000,91729503
40000000,150886329
40000000,162610473
40000000,158527918
40000000,124823094
40000000,75505856
40000000,197232734
40000000,128792135
40000000,120455994
40000000,215862692
40000000,195111193
40000000,156553592
40000000,153060045
40000000,244088654
40000000,161838076
40000000,106511453
40000000,178710620
40000000,124827316
40000000,166893990
40000000,181053657
40000000,126646119
40000000,97470701
40000000,224922135
40000000,311270008
40000000,132440066
40000000,152266007
40000000,167851995
40000000,177835231
40000000,332000000
40000000,149804632
40000000,457507776
40000000,190212113
40000000,257878294
40000000,314709717
40000000,570998101
40000000,351774938
40000000,283218368
40000000,672806292
39000000,6429865
39000000,40319440
39000000,37956589
39000000,81150788
39000000,69538833
39000000,59950623
39000000,102332135
38600000,57987299
38000000,5473041
38000000,623374
38000000,6504442
38000000,17830244
38000000,10229300
38000000,27501814
38000000,19317765
38000000,17378193
38000000,58394308
38000000,24515990
38000000,29544532
38000000,98230839
38000000,44411527
38000000,110678636
38000000,50970660
38000000,57753825
38000000,94763758
38000000,73956241
38000000,105887837
38000000,116809717
38000000,117523786
38000000,61894591
38000000,107597242
38000000,87098466
38000000,120000000
38000000,119721296
38000000,205298907
38000000,182365114
38000000,206512310
37500000,9813309
37500000,58792011
37500000,120925697
37000000,24935799
37000000,48446802
37000000,67029956
37000000,97143987
37000000,55909910
37000000,99595932
37000000,101857425
37000000,168167798
37000000,96068724
37000000,152566881
37000000,173567581
37000000,267816276
37000000,402280159
36500000,15000000
36000000,1480089
36000000,4020990
36000000,156835197
36000000,2954405
36000000,12532777
36000000,13052741
36000000,14378353
36000000,23360779
36000000,43797731
36000000,85315070
36000000,57824533
36000000,50159144
36000000,65967750
36000000,160000000
36000000,117448157
36000000,102226631
36000000,193737977
35200000,38283765
35000000,11106
35000000,19282590
35000000,786532
35000000,17967746
35000000,630779
35000000,1320043
35000000,1500000
35000000,2000000
35000000,2221994
35000000,4496583
35000000,4651977
35000000,24687524
35000000,32738814
35000000,6448817
35000000,16830252
35000000,28721408
35000000,42064105
35000000,11559747
35000000,10157534
35000000,29890402
35000000,61173364
35000000,15461638
35000000,12819501
35000000,12254746
35000000,10319915
35000000,18376443
35000000,31878891
35000000,24405825
35000000,12506188
35000000,13601109
35000000,61721826
35000000,14471440
35000000,63211088
35000000,33771965
35000000,15471969
35000000,41666476
35000000,48543388
35000000,39340177
35000000,29882645
35000000,20606053
35000000,25114901
35000000,33422485
35000000,64188387
35000000,34480045
35000000,31393201
35000000,68170792
35000000,81967450
35000000,22913677
35000000,24915969
35000000,28391473
35000000,28906817
35000000,203555567
35000000,25078937
35000000,37066129
35000000,35426759
35000000,26613620
35000000,73026302
35000000,27107960
35000000,86648359
35000000,54768418
35000000,52649951
35000000,97799865
35000000,30307804
35000000,77220596
35000000,68712365
35000000,70064800
35000000,111854182
35000000,33500620
35000000,33422806
35000000,99423000
35000000,116177695
35000000,50363790
35000000,45680201
35000000,53425292
35000000,84606030
35000000,75281179
35000000,165103952
35000000,46309644
35000000,65084116
35000000,77392139
35000000,103787401
35000000,85761789
35000000,65303052
35000000,70187088
35000000,58405313
35000000,89102315
35000000,95825125
35000000,48169910
35000000,95104304
35000000,53293628
35000000,96096018
35000000,108758521
35000000,146595891
35000000,56968169
35000000,60376247
35000000,65063726
35000000,113354449
35000000,85911226
35000000,117729621
35000000,83226569
35000000,83109359
35000000,126204977
35000000,90221182
35000000,102115888
35000000,122213085
35000000,231711151
35000000,182291969
35000000,218535708
35000000,159846429
35000000,139000000
35000000,114962525
35000000,140949327
35000000,197692062
35000000,212417601
35000000,326073155
35000000,175361578
35000000,245300000
35000000,319700000
35000000,252276928
35000000,310332636
35000000,411348924
35000000,305705794
35000000,465764086
34800000,62831715
34000000,10392666
34000000,14291999
34000000,10672566
34000000,11263966
34000000,205312666
34000000,32014993
34000000,63802928
34000000,139359078
34000000,348319861
33500000,50000000
33000000,357687
33000000,27610873
33000000,8408835
33000000,21621188
33000000,41495213
33000000,47267829
33000000,54533774
33000000,62020814
33000000,165552290
33000000,75909673
33000000,79958599
33000000,173559438
33000000,236500000
32500000,24159934
32500000,48425971
32500000,112964875
32500000,289527030
32500000,572705079
32000000,1308696
32000000,2899970
32000000,3588602
32000000,4357406
32000000,79915361
32000000,18195238
32000000,16640210
32000000,43603990
32000000,29948322
32000000,18552460
32000000,27392609
32000000,61477797
32000000,39498360
32000000,94875000
32000000,77593167
32000000,36299670
32000000,82332450
32000000,88978458
32000000,82339483
32000000,89441732
32000000,140428499
32000000,70587268
32000000,59450353
32000000,99296462
32000000,116898028
32000000,126539117
32000000,152036382
32000000,220236410
31500000,38771262
31500000,81250488
31000000,15826984
31000000,30885781
31000000,68079671
31000000,53208180
31000000,100655892
31000000,164350409
31000000,210300000
31000000,258210860
31000000,106282604
31000000,160558438
30250000,115021008
30000000,141661
30000000,143490
30000000,1769316
30000000,2717302
30000000,25199891
30000000,48048527
30000000,53048539
30000000,168832
30000000,929157
30000000,8593154
30000000,52339566
30000000,7755686
30000000,3721988
30000000,35869934
30000000,35891257
30000000,3252550
30000000,6460758
30000000,18765585
30000000,15313631
30000000,4967493
30000000,5564014
30000000,6916869
30000000,8845575
30000000,64352607
30000000,18535575
30000000,10419084
30000000,58228460
30000000,23353111
30000000,19599974
30000000,17865209
30000000,11578022
30000000,12017369
30000000,48330757
30000000,26184400
30000000,21577076
30000000,15358583
30000000,16910708
30000000,27147991
30000000,43440721
30000000,16295774
30000000,26323969
30000000,32955399
30000000,26857459
30000000,19892205
30000000,36722311
30000000,35579007
30000000,40520649
30000000,23676771
30000000,30962112
30000000,184075552
30000000,19035741
30000000,60512680
30000000,36040895
30000000,23095325
30000000,21758371
30000000,67255916
30000000,21827296
30000000,60772856
30000000,104283753
30000000,26708196
30000000,23998226
30000000,26214846
30000000,29203383
30000000,50145607
30000000,29356757
30000000,61623819
30000000,33339868
30000000,87956618
30000000,48559999
30000000,66742138
30000000,38462071
30000000,46225326
30000000,102716321
30000000,65390493
30000000,82409520
30000000,61449135
30000000,51327406
30000000,51078541
30000000,38122000
30000000,84646831
30000000,81613606
30000000,41457834
30000000,38747385
30000000,80276156
30000000,51618420
30000000,65343694
30000000,53572822
30000000,47902566
30000000,70768144
30000000,91388487
30000000,165889117
30000000,69057415
30000000,42799060
30000000,76235001
30000000,133946923
30000000,54052249
30000000,45892212
30000000,78571737
30000000,89955540
30000000,152627960
30000000,129779728
30000000,51041856
30000000,62432423
30000000,70200000
30000000,94207861
30000000,52880016
30000000,83282296
30000000,82148538
30000000,114770654
30000000,155769678
30000000,197593152
30000000,162838373
30000000,96439723
30000000,65121280
30000000,115150424
30000000,81529000
30000000,64170447
30000000,95857262
30000000,61950770
30000000,105173042
30000000,133085295
30000000,246100000
30000000,71172251
30000000,122529966
30000000,107054484
30000000,115121608
30000000,170466405
30000000,160502573
30000000,92494381
30000000,74787599
30000000,103284813
30000000,160247805
30000000,169173206
30000000,116025023
30000000,166842739
30000000,142051255
30000000,163644662
30000000,106030660
30000000,156822020
30000000,328125643
30000000,231928227
30000000,181489203
30000000,176885658
30000000,165334774
30000000,212400000
30000000,191502246
30000000,167791704
30000000,212453431
30000000,136706683
30000000,177025498
30000000,200500000
30000000,283200000
30000000,197618160
30000000,286500000
30000000,228641283
30000000,306771047
30000000,364545516
30000000,295212467
29200000,5278519
29000000,1733532
29000000,25899797
29000000,10066366
29000000,33013805
29000000,20146150
29000000,24716190
29000000,28452945
29000000,54045832
29000000,44267641
29000000,45336404
29000000,97413527
29000000,168841459
29000000,78652395
29000000,187707495
29000000,287130801
28700000,4559569
28500000,15452978
28000000,22860477
28000000,12031443
28000000,5686694
28000000,8592432
28000000,8165213
28000000,8434601
28000000,8891623
28000000,16311335
28000000,39134983
28000000,28208085
28000000,31320293
28000000,38159905
28000000,73421224
28000000,46752858
28000000,62108587
28000000,55307857
28000000,63129909
28000000,38959900
28000000,31390587
28000000,33139618
28000000,33000377
28000000,40966716
28000000,126549607
28000000,39360491
28000000,91943956
28000000,102053581
28000000,60780981
28000000,97531134
28000000,77477297
28000000,82183683
28000000,71430876
28000000,195300000
28000000,103452875
28000000,94728529
28000000,112914167
28000000,64474705
28000000,101379287
28000000,69290699
28000000,94500826
28000000,133162752
28000000,94050951
28000000,105159085
28000000,139109346
28000000,140894685
28000000,202043881
28000000,333080271
28000000,504050219
27500000,15815509
27500000,26939925
27500000,50578411
27500000,27187653
27500000,31157914
27500000,43607627
27500000,96673002
27500000,187500000
27500000,219265952
27000000,1545064
27000000,2412123
27000000,16566235
27000000,4485485
27000000,5204007
27000000,9352089
27000000,8712564
27000000,10341093
27000000,10618813
27000000,13174426
27000000,28773827
27000000,45160110
27000000,27257061
27000000,21300000
27000000,21500000
27000000,55495466
27000000,31770413
27000000,80681183
27000000,130759651
27000000,93469699
27000000,44270131
27000000,44342956
27000000,57229890
27000000,60527873
27000000,73826768
27000000,96900000
27000000,155564919
26700000,3871448
26000000,135436
26000000,34246770
26000000,5000
26000000,2923959
26000000,1083350
26000000,6154172
26000000,18496522
26000000,33713827
26000000,13738574
26000000,14469428
26000000,30601801
26000000,16521410
26000000,28703083
26000000,41059418
26000000,45043870
26000000,33200000
26000000,38788828
26000000,54393637
26000000,67647574
26000000,63489752
26000000,75763814
26000000,90396664
26000000,81275291
26000000,50800000
26000000,146850273
26000000,96666486
26000000,68613992
26000000,61308153
26000000,65705772
26000000,201324422
26000000,102404019
26000000,202000000
26000000,279500000
26000000,177344230
26000000,160822438
26000000,185904750
25530000,30593313
25500000,86301599
25100000,28575778
25000000,91116
25000000,5297411
25000000,8208594
25000000,9445081
25000000,71594792
25000000,129115
25000000,146149
25000000,48530887
25000000,9313302
25000000,780326
25000000,1415656
25000000,881745
25000000,1190003
25000000,2976636
25000000,12413949
25000000,42642077
25000000,3605420
25000000,38112154
25000000,20052958
25000000,4049527
25000000,4064333
25000000,12850033
25000000,18991288
25000000,5516708
25000000,5654777
25000000,5778353
25000000,7164995
25000000,29206732
25000000,9286314
25000000,10039566
25000000,14805812
25000000,11115766
25000000,11253821
25000000,12219367
25000000,10731997
25000000,11229035
25000000,27572844
25000000,11100000
25000000,13424365
25000000,16425701
25000000,15907411
25000000,11603545
25000000,28400715
25000000,28012862
25000000,13038660
25000000,24215385
25000000,14334401
25000000,13973532
25000000,51702929
25000000,43530281
25000000,31635150
25000000,16727470
25000000,24355762
25000000,26341896
25000000,15468266
25000000,36682170
25000000,23506237
25000000,19233280
25000000,16118077
25000000,21970831
25000000,71009334
25000000,22910563
25000000,20718223
25000000,24591031
25000000,23190697
25000000,32209741
25000000,101937062
25000000,36054706
25000000,22411948
25000000,41921590
25000000,22032635
25000000,40686409
25000000,29863840
25000000,39126427
25000000,25732334
25000000,32223424
25000000,39393111
25000000,32092761
25000000,82991460
25000000,28307092
25000000,29276904
25000000,56042592
25000000,29548291
25000000,82150642
25000000,38749404
25000000,70326393
25000000,66015869
25000000,40287017
25000000,50692188
25000000,234981342
25000000,38718031
25000000,55279608
25000000,56434942
25000000,59183821
25000000,119923801
25000000,35990505
25000000,38351350
25000000,39217912
25000000,36833473
25000000,50738810
25000000,40796145
25000000,41560117
25000000,55443032
25000000,60694737
25000000,77208711
25000000,41076865
25000000,97030468
25000000,52427346
25000000,43988888
25000000,64594061
25000000,44942821
25000000,55090374
25000000,46777347
25000000,128745578
25000000,58240458
25000000,71390601
25000000,123696741
25000000,81249176
25000000,115036108
25000000,52543354
25000000,53345287
25000000,112798051
25000000,119295584
25000000,91036760
25000000,56505065
25000000,96633833
25000000,189922583
25000000,98406855
25000000,149228078
25000000,152500343
25000000,281527158
25000000,164051250
25000000,76270454
25000000,120832383
25000000,78656813
25000000,142033509
25000000,171302226
25000000,102992536
25000000,137984788
25000000,114576403
25000000,89476265
25000000,181185387
25000000,125339088
25000000,321365567
25000000,410900000
25000000,153733800
25000000,226941585
25000000,274543085
25000000,229518131
25000000,213120004
25000000,412800000
25000000,441286003
25000000,622341924
24200000,10447579
24000000,1696765
24000000,669276
24000000,4356126
24000000,237814327
24000000,8292914
24000000,8427204
24000000,24474463
24000000,12372410
24000000,13000000
24000000,16304786
24000000,16980098
24000000,35792945
24000000,83660160
24000000,27732366
24000000,28871190
24000000,29823162
24000000,36856306
24000000,67348218
24000000,32662299
24000000,33208099
24000000,40020622
24000000,41798224
24000000,83531958
24000000,78714211
24000000,62989834
24000000,85527867
24000000,70027933
24000000,156229050
24000000,86765463
24000000,101363301
24000000,133000000
23600000,102236596
23000000,44195779
23000000,58807172
23000000,4673377
23000000,13593473
23000000,2715657
23000000,50813834
23000000,24489150
23000000,7018525
23000000,10660147
23000000,11778396
23000000,12291975
23000000,12803305
23000000,13019253
23000000,15728335
23000000,45121177
23000000,19123851
23000000,18653615
23000000,36374700
23000000,151496097
23000000,21973182
23000000,48531242
23000000,38684906
23000000,53182088
23000000,77735925
23000000,90614445
23000000,112036870
23000000,80171596
23000000,141247413
23000000,86930411
23000000,190191646
23000000,534171960
22700000,38119483
22500000,30864649
22500000,30719170
22500000,131263370
22000000,30051905
22000000,23134075
22000000,4065020
22000000,19563579
22000000,27238354
22000000,9448623
22000000,5000000
22000000,6047691
22000000,9818792
22000000,10696210
22000000,15434375
22000000,20034713
22000000,13555988
22000000,17216955
22000000,14252830
22000000,15716828
22000000,69698495
22000000,22861785
22000000,19288130
22000000,25873142
22000000,31013349
22000000,51695362
22000000,25044057
22000000,35409686
22000000,45273464
22000000,27882226
22000000,25842377
22000000,33762400
22000000,64171419
22000000,70536870
22000000,41771168
22000000,57520063
22000000,92542418
22000000,77229695
22000000,110521733
22000000,95708457
22000000,127767889
22000000,94270488
22000000,55762229
22000000,70949793
22000000,175516617
22000000,80491516
22000000,146590987
22000000,189800000
22000000,360099999
22000000,517600000
21600000,791154
21600000,12000000
21500000,74326015
21500000,22331846
21500000,24419219
21500000,92987651
21000000,17396
21000000,606162
21000000,5046038
21000000,6830957
21000000,10108016
21000000,17589867
21000000,17760244
21000000,36882378
21000000,81452811
21000000,39319801
21000000,43928932
21000000,43632609
21000000,38017873
21000000,43728560
21000000,42273609
21000000,48977233
21000000,45785720
21000000,52037603
21000000,236412453
20700000,2840417
20500000,30241435
20500000,69701637
20000000,774905
20000000,5918742
20000000,22139590
20000000,34454631
20000000,38585047
20000000,14883495
20000000,5694213
20000000,26146072
20000000,1167092
20000000,47300771
20000000,277943
20000000,305070
20000000,375474
20000000,10468867
20000000,3727746
20000000,873617
20000000,43326383
20000000,2282710
20000000,8221700
20000000,1065907
20000000,6093725
20000000,5345869
20000000,1646664
20000000,5313608
20000000,2000000
20000000,2246000
20000000,8361736
20000000,150350000
20000000,4383538
20000000,5531756
20000000,25361206
20000000,12397613
20000000,4504111
20000000,4453327
20000000,4754517
20000000,14603001
20000000,8178569
20000000,12967829
20000000,7405084
20000000,14807531
20000000,6071433
20000000,8300821
20000000,6201757
20000000,17684355
20000000,6947084
20000000,6882696
20000000,7022183
20000000,8284331
20000000,28058652
20000000,8000000
20000000,18273009
20000000,8047525
20000000,8692898
20000000,8135024
20000000,10393696
20000000,46790428
20000000,11813410
20000000,16723377
20000000,9355369
20000000,9208876
20000000,9537120
20000000,16907831
20000000,34600000
20000000,10555348
20000000,10570375
20000000,10686841
20000000,27836366
20000000,30894247
20000000,11744960
20000000,28270399
20000000,17306648
20000000,12398628
20000000,15466961
20000000,19450780
20000000,25943792
20000000,26348203
20000000,29843245
20000000,13383747
20000000,13725032
20000000,14566246
20000000,32632668
20000000,35472739
20000000,13801755
20000000,30163785
20000000,36720752
20000000,33943049
20000000,19121531
20000000,15055091
20000000,18250106
20000000,15473333
20000000,17430594
20000000,16612072
20000000,74180745
20000000,23661038
20000000,59667625
20000000,16988996
20000000,102034104
20000000,18608570
20000000,22119269
20000000,55975672
20000000,17807569
20000000,55686944
20000000,18310591
20000000,56822960
20000000,18400000
20000000,18826490
20000000,20819601
20000000,34787111
20000000,20081987
20000000,28762690
20000000,30808558
20000000,27911453
20000000,20268825
20000000,29870801
20000000,27688744
20000000,21413105
20000000,37226218
20000000,41015970
20000000,30491379
20000000,23187506
20000000,39686769
20000000,38164784
20000000,34718173
20000000,48958353
20000000,30703845
20000000,32838945
20000000,25732986
20000000,47508505
20000000,65454793
20000000,26792700
20000000,44513466
20000000,30399714
20000000,47881663
20000000,29227561
20000000,55576699
20000000,66143005
20000000,51445503
20000000,68349884
20000000,46604054
20000000,31678778
20000000,57293371
20000000,48680977
20000000,78613981
20000000,32051917
20000000,50948811
20000000,53191101
20000000,41296320
20000000,132121212
20000000,47666013
20000000,72703462
20000000,36265745
20000000,35450113
20000000,67950723
20000000,35841901
20000000,81424988
20000000,46164361
20000000,41342180
20000000,37537675
20000000,37672944
20000000,79114085
20000000,61680792
20000000,70743839
20000000,44821299
20000000,86858578
20000000,78769428
20000000,41975388
20000000,43658157
20000000,92217729
20000000,96147688
20000000,67192859
20000000,81461343
20000000,140122225
20000000,109862682
20000000,85146165
20000000,49823037
20000000,66776908
20000000,53976987
20000000,54404202
20000000,205445075
20000000,56398162
20000000,181025343
20000000,60831067
20000000,92678948
20000000,66950887
20000000,71232214
20000000,73964713
20000000,111448997
20000000,122133227
20000000,73206343
20000000,153698625
20000000,118537627
20000000,131945303
20000000,175507800
20000000,98114471
20000000,93931360
20000000,154218168
20000000,208900376
20000000,181457297
20000000,171685793
20000000,183097323
20000000,275726716
20000000,164675402
20000000,318000141
20000000,433574208
20000000,276665036
20000000,337700000
20000000,358994850
20000000,451329842
20000000,389925971
19700000,16498827
19500000,29393634
19400000,15118795
19200000,5617460
19100000,2406666
19000000,1353824
19000000,2119994
19000000,4750000
19000000,5714913
19000000,7576604
19000000,8123860
19000000,10412485
19000000,274949886
19000000,13680000
19000000,15911332
19000000,34352162
19000000,76086711
19000000,32618920
19000000,49858465
19000000,45005151
19000000,56445534
19000000,65090541
19000000,68467960
19000000,44391156
19000000,70164105
19000000,51733921
19000000,101564935
19000000,58571513
19000000,140428314
19000000,215448997
19000000,277200000
19000000,424200000
19000000,385524862
18975000,47751015
18900000,26063572
18500000,4221341
18500000,33954018
18500000,13711903
18500000,32679264
18500000,32531759
18500000,109175673
18000000,6784
18000000,627422
18000000,2401413
18000000,157002
18000000,229311
18000000,315000
18000000,676698
18000000,1199510
18000000,1305114
18000000,25727044
18000000,42067430
18000000,2483790
18000000,13203044
18000000,9082906
18000000,5823540
18000000,6841142
18000000,4100000
18000000,23910210
18000000,7129670
18000000,25941437
18000000,5675599
18000000,27794339
18000000,27147349
18000000,5828466
18000000,6000000
18000000,15696146
18000000,6734844
18000000,7190505
18000000,14488705
18000000,16011975
18000000,11813989
18000000,14189810
18000000,13400000
18000000,27491653
18000000,13747234
18000000,16382538
18000000,17360801
18000000,19685588
18000000,23889158
18000000,43402515
18000000,16959614
18000000,27392196
18000000,21361109
18000000,29934477
18000000,60217171
18000000,19739000
18000000,33907844
18000000,80227619
18000000,36133014
18000000,23380203
18000000,27148898
18000000,24911670
18000000,42167286
18000000,26400000
18000000,26593580
18000000,41148679
18000000,26936265
18000000,37048526
18000000,62646763
18000000,77635035
18000000,102912961
18000000,43308707
18000000,41300105
18000000,41382841
18000000,103215094
18000000,57490024
18000000,47158652
18000000,57193655
18000000,51973029
18000000,73695194
18000000,67683989
18000000,60264805
18000000,91651878
18000000,98267558
18000000,77147031
18000000,92357499
18000000,65842412
18000000,92935067
18000000,144529078
18000000,87000000
18000000,130953026
18000000,141809235
18000000,151668774
18000000,351620129
18000000,261443242
18000000,270944428
17900000,6905861
17700000,14518884
17500000,60865364
17500000,325491
17500000,7285135
17500000,20159316
17500000,36521223
17500000,99135571
17500000,109843390
17500000,148586910
17500000,90508336
17500000,169955142
17000000,13446115
17000000,1973945
17000000,364607
17000000,5653176
17000000,9438074
17000000,2110050
17000000,8609949
17000000,2315000
17000000,2694071
17000000,10637281
17000000,9729088
17000000,8607815
17000000,16510971
17000000,20465206
17000000,10000000
17000000,11227824
17000000,11634458
17000000,16140842
17000000,15680099
17000000,16316273
17000000,19693891
17000000,21170563
17000000,23734486
17000000,24719879
17000000,26918576
17000000,39233233
17000000,38028230
17000000,30331165
17000000,57263440
17000000,45312217
17000000,95092667
17000000,70355813
17000000,42141196
17000000,45707924
17000000,133735284
17000000,177535958
17000000,97778356
17000000,55041738
17000000,116044347
17000000,92670237
17000000,72835710
17000000,109793192
17000000,72070955
17000000,125250091
17000000,136890774
17000000,183316455
17000000,207765056
16800000,2281089
16800000,7313697
16500000,21404122
16500000,13636339
16500000,16157923
16500000,39380876
16500000,83792062
16500000,134993774
16500000,43848100
16500000,58011485
16400000,239500000
16000000,1844228
16000000,47707417
16000000,64733391
16000000,94812
16000000,31631
16000000,1467278
16000000,1705908
16000000,247474497
16000000,2814566
16000000,1686429
16000000,7585011
16000000,22594052
16000000,3442853
16000000,8120148
16000000,5825314
16000000,6615452
16000000,14839383
16000000,6248077
16000000,12900000
16000000,8400000
16000000,11540112
16000000,11810854
16000000,12519804
16000000,13854000
16000000,14553807
16000000,20769209
16000000,14108518
16000000,14792779
16000000,15980376
16000000,31943401
16000000,21657770
16000000,56506120
16000000,45284974
16000000,21799652
16000000,104504817
16000000,81742618
16000000,50103808
16000000,30987695
16000000,28734552
16000000,29090445
16000000,43057552
16000000,53774833
16000000,52545707
16000000,87041569
16000000,50517763
16000000,40363530
16000000,78208812
16000000,128256712
16000000,68582095
16000000,54294169
16000000,53977250
16000000,119739110
16000000,92961960
16000000,246400000
15600000,13771817
15500000,318623
15500000,517262
15500000,1237615
15500000,1693000
15500000,88611837
15300000,7000000
15250000,12930343
15000000,3471
15000000,4892
15000000,29050
15000000,909822
15000000,3436763
15000000,3454036
15000000,17224539
15000000,20898221
15000000,22441
15000000,22723
15000000,1148578
15000000,61847
15000000,1590246
15000000,76382
15000000,7583050
15000000,7885048
15000000,220944
15000000,353743
15000000,5953886
15000000,528731
15000000,529766
15000000,6832542
15000000,1405032
15000000,1970268
15000000,11599903
15000000,8200127
15000000,1953732
15000000,1954202
15000000,6379575
15000000,3396508
15000000,11173718
15000000,34247816
15000000,6551310
15000000,14947243
15000000,4023741
15000000,16829464
15000000,65261291
15000000,4956401
15000000,13454474
15000000,5217498
15000000,35106706
15000000,6561243
15000000,8767338
15000000,11919578
15000000,9300336
15000000,34533783
15000000,8224998
15000000,8322608
15000000,8378141
15000000,14933713
15000000,8735529
15000000,8921050
15000000,19153568
15000000,9307166
15000000,12262065
15000000,10951153
15000000,9579068
15000000,9930649
15000000,14811980
15000000,10845127
15000000,10513979
15000000,10763469
15000000,11156471
15000000,11614954
15000000,12419700
15000000,12212417
15000000,12669914
15000000,18301418
15000000,12801190
15000000,26170402
15000000,13248444
15000000,18856151
15000000,18524496
15000000,59168692
15000000,14249005
15000000,39238443
15000000,15136870
15000000,22018988
15000000,18260865
15000000,49894223
15000000,36068890
15000000,46189568
15000000,19014238
15000000,22165608
15000000,19344615
15000000,20601987
15000000,20609977
15000000,37466538
15000000,21896367
15000000,47011449
15000000,38574362
15000000,52189039
15000000,63954968
15000000,87973835
15000000,55669466
15000000,34820335
15000000,27469621
15000000,43111725
15000000,47721314
15000000,27709625
15000000,31070412
15000000,64232714
15000000,29145924
15000000,33118854
15000000,44400000
15000000,30138912
15000000,30261293
15000000,37659652
15000000,30857000
15000000,47175038
15000000,33508485
15000000,46526243
15000000,38512850
15000000,40862054
15000000,40127259
15000000,34499204
15000000,34562222
15000000,35007180
15000000,78054825
15000000,123327692
15000000,69995385
15000000,52501541
15000000,62401343
15000000,39100956
15000000,40283321
15000000,57586606
15000000,61788393
15000000,55534455
15000000,57907734
15000000,64252038
15000000,63706632
15000000,52461017
15000000,67215435
15000000,50000000
15000000,50003303
15000000,128955898
15000000,55934178
15000000,128885873
15000000,77514401
15000000,61400000
15000000,76954311
15000000,120192350
15000000,67182787
15000000,69847348
15000000,148095566
15000000,73000000
15000000,73326666
15000000,227773686
15000000,93589701
15000000,98800000
15000000,160903019
15000000,173046663
15000000,216600000
15000000,213514672
15000000,356258047
15000000,430821168
15000000,167780960
15000000,177200000
15000000,356800601
15000000,316300000
15000000,476684675
14600000,70906973
14500000,565801
14500000,25480031
14500000,147542381
14500000,123709460
14400000,159157447
14200000,543306
14000000,1553556
14000000,11354230
14000000,623292
14000000,266967
14000000,274299
14000000,1903952
14000000,1000000
14000000,4127619
14000000,2461628
14000000,20537741
14000000,4288246
14000000,25187026
14000000,5782198
14000000,34044909
14000000,4741987
14000000,12591270
14000000,14121177
14000000,22754472
14000000,6552255
14000000,11166615
14000000,10397365
14000000,20597806
14000000,12452601
14000000,13205411
14000000,13024170
14000000,16951798
14000000,13800000
14000000,14395874
14000000,15064948
14000000,15171475
14000000,22815460
14000000,15549702
14000000,30443277
14000000,19637147
14000000,21410546
14000000,25011000
14000000,25873145
14000000,25608779
14000000,27450453
14000000,115592104
14000000,30628981
14000000,34700000
14000000,34729091
14000000,35579177
14000000,35856053
14000000,72571864
14000000,185400000
14000000,125212904
14000000,82925064
14000000,102836002
14000000,75525718
14000000,155056263
14000000,70001698
14000000,239606210
14000000,139700000
14000000,384519665
14000000,320100000
14000000,432645872
13900000,177012173
13700000,11738256
13700000,56598476
13500000,892506
13500000,93631744
13500000,6118683
13500000,11732088
13500000,33035736
13500000,29027914
13500000,80000000
13500000,202000000
13400000,164247
13300000,39686345
13300000,7229933
13200000,54323210
13000000,3617277
13000000,509193
13000000,1375635
13000000,17856688
13000000,6459183
13000000,2613717
13000000,1152117
13000000,2898225
13000000,14999638
13000000,23014027
13000000,19910624
13000000,2104439
13000000,3058380
13000000,11831131
13000000,3260555
13000000,5175088
13000000,8130727
13000000,5002310
13000000,5871603
13000000,6276869
13000000,7881335
13000000,8064972
13000000,10020081
13000000,11141213
13000000,109421911
13000000,67867998
13000000,36262783
13000000,16757163
13000000,19929123
13000000,33069303
13000000,18733666
13000000,34916128
13000000,22391450
13000000,32382381
13000000,38976797
13000000,57189408
13000000,42195766
13000000,26570048
13000000,34166572
13000000,27066941
13000000,27151490
13000000,27979399
13000000,28972187
13000000,60414025
13000000,42174545
13000000,54837234
13000000,44726644
13000000,73180297
13000000,50445860
13000000,49733545
13000000,49369899
13000000,53424681
13000000,118888025
13000000,57300000
13000000,95638592
13000000,62452927
13000000,73798720
13000000,99034125
13000000,122244329
13000000,331266710
13000000,123922370
12800000,69821476
12700000,49196532
12600000,19054534
12500000,1100287
12500000,9376444
12500000,3522153
12500000,3931367
12500000,69826708
12500000,1412799
12500000,1612957
12500000,2272186
12500000,45557491
12500000,4360548
12500000,11277119
12500000,11826980
12500000,7000000
12500000,21000000
12500000,44083403
12500000,10725228
12500000,26735797
12500000,12309980
12500000,16193713
12500000,20959585
12500000,23367586
12500000,46370970
12500000,33436931
12300000,81972846
12000000,1595168
12000000,1620056
12000000,1828400
12000000,5400624
12000000,14616
12000000,87793
12000000,6553186
12000000,20122558
12000000,622273
12000000,178287
12000000,310946
12000000,196857
12000000,1513388
12000000,220175
12000000,7203439
12000000,4606284
12000000,450594
12000000,557545
12000000,1200346
12000000,994790
12000000,1188194
12000000,19287485
12000000,2975188
12000000,12079308
12000000,1779284
12000000,2062406
12000000,2104164
12000000,92618117
12000000,2326407
12000000,29549145
12000000,16349034
12000000,5295909
12000000,23693646
12000000,4880941
12000000,4984663
12000000,4922166
12000000,6200000
12000000,5549923
12000000,10026255
12000000,46730578
12000000,8706701
12000000,6982680
12000000,7900000
12000000,35830713
12000000,8942516
12000000,12516222
12000000,92863945
12000000,15668012
12000000,84970337
12000000,43281552
12000000,44200000
12000000,17475475
12000000,12905901
12000000,19379463
12000000,14010363
12000000,89309178
12000000,22750356
12000000,17292381
12000000,17322212
12000000,24761360
12000000,22978953
12000000,28915761
12000000,19000000
12000000,21089146
12000000,21133087
12000000,21867665
12000000,32248241
12000000,22673340
12000000,41744718
12000000,22921898
12000000,25514848
12000000,32700439
12000000,56131239
12000000,37584304
12000000,27281507
12000000,43924923
12000000,60000000
12000000,31222395
12000000,31286759
12000000,57577765
12000000,52223306
12000000,41924774
12000000,85512300
12000000,57000000
12000000,37400000
12000000,98963392
12000000,43353117
12000000,39012241
12000000,74727492
12000000,145712897
12000000,103028188
12000000,62500000
12000000,63118386
12000000,123681790
12000000,110989157
12000000,65532576
12000000,82497035
12000000,107217396
12000000,74433837
12000000,77063461
12000000,95800000
12000000,79817937
12000000,100919111
12000000,113373764
12000000,234723148
12000000,307166834
12000000,400214478
12000000,470700000
11900000,48856
11900000,81897
11900000,24041617
11500000,99930262
11500000,57469179
11400000,29830239
11000000,2124005
11000000,10431506
11000000,74056184
11000000,25307405
11000000,229653
11000000,6586324
11000000,3231251
11000000,2000000
11000000,2200000
11000000,2794056
11000000,2844379
11000000,24150550
11000000,13353855
11000000,4234355
11000000,4814244
11000000,9170214
11000000,13000959
11000000,21502976
11000000,19947280
11000000,32943247
11000000,13558739
11000000,13719474
11000000,14786394
11000000,56178935
11000000,20169934
11000000,20388920
11000000,21171695
11000000,25116103
11000000,69752402
11000000,31672000
11000000,56758138
11000000,39984023
11000000,75803716
11000000,62076141
11000000,83088295
11000000,46060915
11000000,97837138
11000000,49793054
11000000,78356170
11000000,52929168
11000000,85278712
11000000,81204830
11000000,274392880
11000000,129262388
11000000,111859493
11000000,148168459
11000000,786598007
10800000,2862544
10800000,484873045
10800000,118209778
10750000,32575443
10700000,31341183
10700000,121706019
10600000,261364
10600000,34409206
10500000,125169
10500000,14140402
10500000,68700000
10500000,792965326
10400000,1610194
10350000,174201661
10100000,1066555
10100000,18726300
10100000,10143618
10000000,90909
10000000,314073
10000000,552641
10000000,997921
10000000,1230542
10000000,1642939
10000000,8243567
10000000,15037867
10000000,173613
10000000,17704131
10000000,1537479
10000000,9069
10000000,11894
10000000,161097
10000000,19716
10000000,45779
10000000,109144
10000000,70527
10000000,723388
10000000,106466
10000000,109383
10000000,126247
10000000,42226657
10000000,241719
10000000,5950002
10000000,721108
10000000,150191
10000000,355919
10000000,173472
10000000,295750
10000000,226792
10000000,290875
10000000,244465
10000000,5045359
10000000,1165102
10000000,630427
10000000,42776032
10000000,1299855
10000000,598645
10000000,1049641
10000000,836641
10000000,22198996
10000000,900926
10000000,1051907
10000000,1011054
10000000,1069454
10000000,1953882
10000000,4659110
10000000,32430721
10000000,3541565
10000000,1562800
10000000,1638202
10000000,1641788
10000000,1884251
10000000,3565109
10000000,3623609
10000000,11400000
10000000,2373937
10000000,2529395
10000000,3260179
10000000,3000000
10000000,5149131
10000000,3168858
10000000,6030047
10000000,3275585
10000000,3336053
10000000,3357324
10000000,5437126
10000000,4708127
10000000,4690802
10000000,15132211
10000000,5241315
10000000,7037886
10000000,7501132
10000000,6000000
10000000,33512260
10000000,6244618
10000000,6197866
10000000,6491969
10000000,6719864
10000000,8890094
10000000,7862131
10000000,8457974
10000000,14321070
10000000,11766959
10000000,8378853
10000000,21596074
10000000,13423176
10000000,7843145
10000000,14156753
10000000,8629895
10000000,8801940
10000000,31164747
10000000,9408183
10000000,21094974
10000000,10019109
10000000,13835130
10000000,10571408
10000000,12179708
10000000,19860259
10000000,11924041
10000000,44567606
10000000,12554569
10000000,17300838
10000000,13684949
10000000,27317872
10000000,34240572
10000000,15297318
10000000,15164492
10000000,15198912
10000000,28649556
10000000,16084310
10000000,17033556
10000000,16153000
10000000,19535005
10000000,16667084
10000000,19080435
10000000,17433072
10000000,17536256
10000000,17657973
10000000,18423914
10000000,78096553
10000000,30143795
10000000,21851362
10000000,26716191
10000000,20384136
10000000,20766000
10000000,37493221
10000000,78693371
10000000,31556959
10000000,23591043
10000000,24660323
10000000,25358996
10000000,25697647
10000000,49486874
10000000,40055439
10000000,54104225
10000000,38364855
10000000,34364995
10000000,68541786
10000000,29317886
10000000,29500000
10000000,30629507
10000000,30050028
10000000,83593107
10000000,38067218
10000000,43948865
10000000,93074616
10000000,33886017
10000000,32100816
10000000,33000000
10000000,90384306
10000000,33526835
10000000,63354114
10000000,45921140
10000000,35073978
10000000,68220952
10000000,36000000
10000000,36230219
10000000,44451470
10000000,37402877
10000000,58939035
10000000,41004412
10000000,50100000
10000000,40485039
10000000,134639780
10000000,68722848
10000000,50752337
10000000,120678444
10000000,52293000
10000000,92094360
10000000,63320521
10000000,135759694
10000000,63465522
10000000,90453550
10000000,118557124
10000000,163876815
10000000,85300000
10000000,158185073
10000000,187281115
10000000,225933435
9900000,458054
9800000,17553055
9700000,36787044
9600000,5256839
9500000,118482
9500000,5278632
9500000,14114000
9500000,111600000
9500000,59675307
9400000,21817298
9400000,87226613
9400000,60000000
9300000,19571091
9200000,17155193
9200000,4199334
9200000,5806666
9100000,18872126
9100000,20927794
9000000,2243
9000000,3440939
9000000,1242
9000000,14443
9000000,85527
9000000,1635241
9000000,148826
9000000,184255
9000000,208163
9000000,7714549
9000000,349618
9000000,454255
9000000,883887
9000000,4313644
9000000,1069318
9000000,2548378
9000000,2000093
9000000,3922043
9000000,3134509
9000000,3438735
9000000,4333569
9000000,4777465
9000000,4934104
9000000,13061935
9000000,12657377
9000000,10642023
9000000,10176701
9000000,17462398
9000000,12512317
9000000,13075390
9000000,25077411
9000000,18802255
9000000,16235738
9000000,28773637
9000000,17804273
9000000,18225165
9000000,20035310
9000000,21571189
9000000,36535837
9000000,44196684
9000000,34572780
9000000,81831866
9000000,36049108
9000000,83051676
9000000,141200000
9000000,111534881
9000000,80500000
9000000,107967319
9000000,203630630
8900000,3324184
8900000,22744132
8800000,328203506
8600000,32968648
8500000,198883
8500000,30298347
8500000,3180252
8500000,4273372
8500000,17220091
8500000,7573551
8500000,10386814
8500000,20288774
8500000,17202854
8500000,15024232
8500000,23311425
8500000,22885836
8500000,29200000
8500000,32222567
8500000,50334418
8500000,43528634
8500000,68695443
8500000,47417251
8500000,75740479
8470000,42355526
8400000,6831069
8300000,24906717
8300000,1353296
8300000,25670174
8300000,2598224
8300000,50827466
8250000,30022000
8200000,80000000
8200000,286214286
8000000,414617
8000000,21970000
8000000,19585
8000000,446438
8000000,3505823
8000000,53086
8000000,143782
8000000,8370555
8000000,2721534
8000000,3270974
8000000,5314194
8000000,127188
8000000,146083
8000000,2772511
8000000,456814
8000000,524747
8000000,458232
8000000,973443
8000000,589308
8000000,590817
8000000,3582797
8000000,2476491
8000000,15644196
8000000,2256606
8000000,2275557
8000000,42376425
8000000,20005613
8000000,19891331
8000000,5531455
8000000,7315248
8000000,4714090
8000000,10192613
8000000,5656388
8000000,6632950
8000000,9266180
8000000,8279017
8000000,8864699
8000000,10763183
8000000,10629320
8000000,12740705
8000000,16585503
8000000,18828036
8000000,28674417
8000000,68838736
8000000,29937909
8000000,17394881
8000000,25621449
8000000,22591451
8000000,18090181
8000000,18959424
8000000,20036244
8000000,28876702
8000000,22549338
8000000,82000000
8000000,24474312
8000000,47782426
8000000,53068955
8000000,26199377
8000000,28315272
8000000,34873513
8000000,41334735
8000000,50811858
8000000,43000000
8000000,82955633
8000000,52287414
8000000,76200721
8000000,100642353
8000000,62599495
8000000,76657000
8000000,90815558
8000000,212928762
7900000,3129471
7800000,24021282
7700000,1080428
7700000,882290
7500000,13524
7500000,32572
7500000,10834406
7500000,1788324
7500000,206400
7500000,555335
7500000,3559803
7500000,8539003
7500000,3347647
7500000,4151836
7500000,4239767
7500000,5142858
7500000,11758418
7500000,11843260
7500000,10849158
7500000,29652736
7500000,33606409
7500000,40016662
7500000,36238752
7500000,43492389
7500000,106593296
7400000,9443864
7400000,25863405
7303082,101173038
7300000,12023606
7300000,25397460
7250000,35122948
7200000,295492
7200000,12678312
7200000,116000000
7000000,103962
7000000,1268346
7000000,1391410
7000000,2053330
7000000,10237239
7000000,15206330
7000000,411874
7000000,35919
7000000,46488
7000000,196067
7000000,463039
7000000,719699
7000000,306715
7000000,382946
7000000,492108
7000000,1857458
7000000,1732228
7000000,98754000
7000000,1000000
7000000,6537179
7000000,1246141
7000000,1429453
7000000,1933829
7000000,1661464
7000000,10765283
7000000,17023121
7000000,1891936
7000000,2703821
7000000,2165637
7000000,2667084
7000000,7017859
7000000,4372561
7000000,4720371
7000000,5017971
7000000,5430822
7000000,5694308
7000000,16866928
7000000,25269040
7000000,7824358
7000000,10062896
7000000,8373585
7000000,8824553
7000000,28142379
7000000,10828305
7000000,30360570
7000000,13767816
7000000,10803211
7000000,17005466
7000000,15471229
7000000,14231669
7000000,14618727
7000000,16149180
7000000,36146087
7000000,20940428
7000000,18190831
7000000,18642318
7000000,20257000
7000000,97600000
7000000,23393939
7000000,51204567
7000000,25000000
7000000,25532388
7000000,57051053
7000000,26533200
7000000,49924079
7000000,56586901
7000000,55617866
7000000,47289758
7000000,35795319
7000000,161800000
7000000,38158601
7000000,40157856
7000000,201463574
7000000,170549753
7000000,268500000
7000000,231450102
6900000,7950889
6900000,44103982
6900000,41410568
6840000,22273
6800000,9533964
6800000,49526
6800000,927107
6800000,16038343
6750000,6812530
6700000,223878
6600000,828
6537890,14319195
6500000,3149
6500000,64148
6500000,1033810
6500000,1744952
6500000,2025032
6500000,3027956
6500000,11745931
6500000,20412841
6500000,6173485
6500000,10155691
6500000,12376563
6500000,18110152
6500000,28383441
6500000,24103594
6500000,31899000
6500000,42488161
6500000,54215416
6500000,56200634
6500000,70712099
6500000,256873813
6400000,4199874
6400000,8902141
6400000,79384539
6400000,78019031
6250000,20199663
6200000,37339594
6200000,9205924
6100000,2108367
6000000,13722
6000000,26007
6000000,32544
6000000,36497
6000000,4316497
6000000,1365108
6000000,1673635
6000000,117796
6000000,119452
6000000,13168809
6000000,181798
6000000,267194
6000000,391942
6000000,408159
6000000,509424
6000000,773490
6000000,1290920
6000000,11348205
6000000,1418304
6000000,2522928
6000000,3330012
6000000,3456602
6000000,3747270
6000000,3273588
6000000,3485383
6000000,7818479
6000000,6591365
6000000,4398989
6000000,4713059
6000000,21787233
6000000,15137932
6000000,6176114
6000000,10619770
6000000,21197454
6000000,8446952
6000000,8173486
6000000,6852450
6000000,17252287
6000000,10557291
6000000,10106975
6000000,16369708
6000000,11642254
6000000,11784569
6000000,58809149
6000000,12500000
6000000,31716953
6000000,12793213
6000000,18209872
6000000,14545844
6000000,18504539
6000000,49155371
6000000,20695413
6000000,20400000
6000000,39241323
6000000,22168359
6000000,34449356
6000000,25059640
6000000,25244700
6000000,26004026
6000000,46634275
6000000,27958191
6000000,39846344
6000000,42000000
6000000,43700000
6000000,52302978
6000000,102300000
6000000,102308900
6000000,221148959
6000000,137963328
6000000,387513770
5952000,2120439
5900000,3895664
5900000,37831658
5800000,15091
5800000,421021
5800000,9662214
5800000,6800000
5800000,33395426
5700000,731613
5700000,86051320
5700000,69582
5700000,43044087
5600000,18527766
5600000,14683763
5600000,531806
5600000,3281898
5600000,7009668
5600000,74566042
5500000,863895
5500000,24956
5500000,28468
5500000,56653
5500000,13480196
5500000,15867314
5500000,8589831
5500000,1060512
5500000,6148823
5500000,83529758
5500000,4865000
5500000,15155021
5500000,8761608
5500000,15700000
5500000,41268579
5500000,36665191
5500000,50458356
5500000,57467731
5500000,159616327
5400000,4728896
5400000,8133256
5300000,440821
5300000,29197694
5250000,20097
5250000,786677
5250000,20188740
5250000,22937201
5200000,11633427
5200000,1695126
5200000,2000000
5100000,9709597
5000000,2199
5000000,1504960
5000000,4568257
5000000,9109597
5000000,7556
5000000,8297
5000000,83356
5000000,567219
5000000,861325
5000000,67505
5000000,96760
5000000,99147
5000000,121016
5000000,282687
5000000,143273
5000000,5476793
5000000,332120
5000000,1375194
5000000,927074
5000000,353480
5000000,1075009
5000000,407488
5000000,648183
5000000,894030
5000000,851690
5000000,1050861
5000000,8655397
5000000,1526697
5000000,2080693
5000000,2368937
5000000,6205034
5000000,6656705
5000000,2821010
5000000,5438120
5000000,3807503
5000000,3707583
5000000,46263525
5000000,4815890
5000000,7951247
5000000,4414753
5000000,4816142
5000000,10676073
5000000,40311842
5000000,5476060
5000000,5321508
5000000,5502773
5000000,6590172
5000000,16515203
5000000,6157157
5000000,6755271
5000000,7100000
5000000,8000000
5000000,25913869
5000000,10206551
5000000,16628751
5000000,9669521
5000000,10744134
5000000,10537341
5000000,10732909
5000000,10751126
5000000,11000000
5000000,11014685
5000000,20765353
5000000,17329337
5000000,12232628
5000000,12592907
5000000,12947763
5000000,12961389
5000000,13099931
5000000,15318257
5000000,30332385
5000000,33649881
5000000,17250101
5000000,31149251
5000000,14343976
5000000,19600000
5000000,14843425
5000000,15000000
5000000,15126948
5000000,16017403
5000000,17499242
5000000,26517819
5000000,17768757
5000000,41699612
5000000,25032000
5000000,22178125
5000000,19421271
5000000,19438638
5000000,20659423
5000000,21277770
5000000,23565072
5000000,41824066
5000000,26853810
5000000,109273197
5000000,23047939
5000000,27342246
5000000,25861249
5000000,39723096
5000000,35341814
5000000,26010864
5000000,42844516
5000000,60611845
5000000,44115496
5000000,28200000
5000000,86362372
5000000,64240813
5000000,34872033
5000000,36000000
5000000,41833347
5000000,58978653
5000000,100486616
5000000,44793222
5000000,103683342
5000000,140619520
5000000,79282312
5000000,98595211
5000000,148868835
5000000,108286422
5000000,161921515
5000000,152925093
5000000,202053386
5000000,276841585
5000000,251359904
5000000,374890034
4900000,15198
4900000,6924321
4900000,23347469
4900000,7174984
4900000,17561100
4833610,34175000
4800000,4494560
4800000,82241110
4750000,3061763
4750000,4972016
4700000,239962
4700000,1705139
4700000,8025872
4638783,11000000
4600000,731767
4600000,968805
4600000,9261711
4600000,3099369
4600000,36751984
4600000,3479302
4500000,11774
4500000,7838405
4500000,32961
4500000,51957
4500000,92723
4500000,2481925
4500000,4556982
4500000,597989
4500000,1217307
4500000,23471871
4500000,281447
4500000,1022649
4500000,2404639
4500000,713413
4500000,9330465
4500000,7503672
4500000,1500000
4500000,5428387
4500000,12247682
4500000,3500000
4500000,7389233
4500000,7011317
4500000,10400000
4500000,25344490
4500000,13417292
4500000,27092880
4500000,47923795
4500000,242895809
4500000,81198894
4400000,9969237
4400000,36145695
4400000,108981275
4357373,1200000
4300000,10212403
4300000,9791282
4300000,10158355
4300000,39374600
4200000,313230
4200000,101740
4200000,8078683
4200000,33913542
4200000,5835247
4030000,2542264
4000000,12302
4000000,36630
4000000,63180
4000000,442550
4000000,4454853
4000000,4327
4000000,978527
4000000,12836
4000000,17639
4000000,760678
4000000,679482
4000000,34145
4000000,64359
4000000,75078
4000000,120016
4000000,797439
4000000,146402
4000000,4854356
4000000,324218
4000000,185577
4000000,267972
4000000,384244
4000000,302204
4000000,354704
4000000,373375
4000000,1158877
4000000,399793
4000000,563711
4000000,4230426
4000000,800000
4000000,973613
4000000,1983596
4000000,1919197
4000000,1989035
4000000,3858964
4000000,5966671
4000000,2793776
4000000,2922988
4000000,3468572
4000000,3816594
4000000,9413956
4000000,4301000
4000000,4630045
4000000,6000000
4000000,11799060
4000000,8302995
4000000,79250193
4000000,7555256
4000000,10770993
4000000,8200000
4000000,11131455
4000000,19174817
4000000,9821335
4000000,10097096
4000000,40103262
4000000,10898293
4000000,10941801
4000000,11744471
4000000,27786849
4000000,13000000
4000000,14237880
4000000,14400000
4000000,15000000
4000000,25448707
4000000,21206861
4000000,20008693
4000000,36275469
4000000,21750000
4000000,57273049
4000000,43766463
4000000,49800000
4000000,52819253
4000000,36000000
4000000,38251425
4000000,117085297
4000000,62546695
4000000,87400000
4000000,109492484
3900000,9000000
3900000,28350000
3900000,390525192
3800000,14873
3800000,340930
3800000,41914
3800000,23689877
3768785,8000000
3750000,44462
3750000,2436111
3750000,1178175
3716946,5000000
3700000,3355048
3700000,13447998
3700000,2956000
3600000,44785053
3500000,9871
3500000,1396395
3500000,29233
3500000,96793
3500000,113783
3500000,182695
3500000,221096
3500000,5706638
3500000,886410
3500000,3293258
3500000,34004262
3500000,5923044
3500000,40527719
3500000,6451628
3500000,8000000
3500000,13795053
3500000,10317779
3500000,12000000
3500000,12600000
3500000,12800000
3500000,13007551
3500000,14000000
3500000,27704111
3500000,18495444
3500000,40454520
3500000,27936778
3500000,27731527
3500000,257938649
3500000,81600000
3500000,83453539
3450000,18309793
3400000,12636
3400000,493905
3400000,4124277
3400000,20433227
3400000,31063038
3400000,133276359
3380000,3220
3300000,40262
3300000,19875
3300000,5422740
3300000,32059295
3300000,12405473
3300000,33474334
3250000,7680
3250000,34114067
3250000,6965361
3250000,20605209
3200000,690872
3200000,2828590
3200000,14314407
3200000,14441158
3200000,8000000
3200000,33395426
3180000,9576159
3100000,123407
3100000,71558971
3000000,47469
3000000,82780
3000000,895932
3000000,4668109
3000000,4655
3000000,5073
3000000,156362
3000000,379161
3000000,39852
3000000,101773
3000000,78948
3000000,95204
3000000,115879
3000000,133411
3000000,163069
3000000,223652
3000000,1022453
3000000,242623
3000000,252726
3000000,295493
3000000,331000
3000000,5922292
3000000,12577401
3000000,834953
3000000,6239723
3000000,1324299
3000000,10051516
3000000,1821983
3000000,2255000
3000000,5746453
3000000,3237452
3000000,11537539
3000000,2962051
3000000,3076820
3000000,7445044
3000000,3705923
3000000,3660880
3000000,4002884
3000000,3902679
3000000,4000000
3000000,4570178
3000000,11267511
3000000,4109095
3000000,4142507
3000000,30438635
3000000,5100863
3000000,4417983
3000000,11322573
3000000,5732587
3000000,7777790
3000000,6879730
3000000,7301115
3000000,7282851
3000000,10473836
3000000,7888000
3000000,23283672
3000000,9981635
3000000,9012000
3000000,9017070
3000000,10000000
3000000,10172519
3000000,10400000
3000000,11052713
3000000,12051924
3000000,13000000
3000000,13200000
3000000,15000000
3000000,15935068
3000000,68452128
3000000,17489009
3000000,17570324
3000000,24600000
3000000,19184820
3000000,19472057
3000000,20123742
3000000,20966644
3000000,21163999
3000000,58240487
3000000,27788649
3000000,55193251
3000000,32653000
3000000,33300000
3000000,38236338
3000000,87727807
3000000,124900000
3000000,91266581
3000000,73975239
3000000,177512032
3000000,141600000
2900000,25935
2900000,172867
2900000,3127472
2900000,5000000
2900000,17006158
2900000,263591415
2883848,25000000
2850000,6435262
2800000,475000
2800000,19170001
2800000,23591783
2800000,48570885
2800000,86300000
2777000,33754967
2750000,5394447
2700000,5377665
2700000,8200000
2700000,31517561
2700000,15600000
2700000,37799643
2686000,6600000
2650000,16556
2627000,5363000
2600000,71248
2600000,7033931
2600000,564474
2600000,3292333
2600000,3147950
2600000,15298355
2600000,32980880
2600000,119500000
2540000,7200000
2500000,9598
2500000,35017
2500000,72260
2500000,108907
2500000,100280
2500000,507446
2500000,118666
2500000,174255
2500000,593933
2500000,497195
2500000,12267275
2500000,549632
2500000,3838486
2500000,1269705
2500000,1687548
2500000,2013052
2500000,4934356
2500000,23014021
2500000,5683371
2500000,6401336
2500000,6916951
2500000,10000000
2500000,12300000
2500000,13881317
2500000,14400000
2500000,25533818
2500000,34557416
2500000,36028802
2500000,32327255
2500000,33349941
2500000,59922558
2450000,182358
2400000,1333891
2400000,500296
2400000,1420418
2400000,5691854
2380000,8739576
2361000,3500000
2300000,29384
2300000,59696
2300000,574838
2300000,11000000
2300000,14305540
2280000,83320000
2250000,36690067
2200000,388390
2200000,21930418
2200000,41158757
2160000,37865
2160000,9132000
2100000,23266821
2100000,3330
2100000,313436
2100000,1381824
2100000,23600000
2000000,926
2000000,63555
2000000,105377
2000000,481525
2000000,2151887
2000000,3620902
2000000,2436
2000000,28864
2000000,5361
2000000,10679
2000000,4294373
2000000,10024
2000000,12667
2000000,17061
2000000,17896
2000000,21000
2000000,30955
2000000,35312
2000000,37227
2000000,45431
2000000,76654
2000000,2046090
2000000,72277
2000000,72544
2000000,102645
2000000,2226603
2000000,121807
2000000,134624
2000000,147299
2000000,759504
2000000,304602
2000000,2350641
2000000,466106
2000000,1663296
2000000,539961
2000000,636706
2000000,1075504
2000000,691880
2000000,1869928
2000000,1134358
2000000,1152411
2000000,1433319
2000000,2279959
2000000,2419669
2000000,1660865
2000000,11263263
2000000,1985292
2000000,2077844
2000000,13912289
2000000,3438804
2000000,2791973
2000000,10672492
2000000,6225304
2000000,10166209
2000000,9615464
2000000,4000000
2000000,7799257
2000000,15396525
2000000,9505996
2000000,20883834
2000000,11234552
2000000,8685632
2000000,6049171
2000000,16131551
2000000,7756617
2000000,17403168
2000000,7369373
2000000,7600000
2000000,7800000
2000000,9172000
2000000,9250000
2000000,81197047
2000000,20741000
2000000,11546543
2000000,16610760
2000000,13129846
2000000,20649774
2000000,18016290
2000000,18344729
2000000,24391108
2000000,24464742
2000000,24600832
2000000,78900000
2000000,35185884
1987650,21270290
1900000,12444
1900000,285593
1900000,139317
1900000,10137234
1900000,740932
1900000,4581937
1900000,478595
1900000,1445140
1900000,7785229
1900000,5617067
1900000,4600000
1800000,673
1800000,1322161
1800000,783733
1800000,842693
1800000,3050934
1800000,5719000
1800000,6800000
1800000,8000000
1800000,8800000
1800000,9164370
1800000,23265132
1800000,25504513
1800000,25878153
1800000,70165900
1750000,1278471
1750000,634803
1750000,22879194
1700000,661221
1700000,4727375
1700000,2891228
1700000,2507159
1700000,12231500
1700000,9700000
1700000,23271741
1700000,42137871
1650000,30500000
1644000,4000000
1600000,3264
1600000,242443
1600000,2627795
1600000,129319
1600000,145382
1600000,419428
1600000,14253760
1600000,2595644
1600000,4420000
1600000,5400000
1600000,6026908
1500000,58692
1500000,236863
1500000,2105
1500000,31916
1500000,52429
1500000,172569
1500000,113169
1500000,119841
1500000,139084
1500000,165049
1500000,173066
1500000,240396
1500000,184705
1500000,194568
1500000,372239
1500000,1619602
1500000,414404
1500000,1840248
1500000,418953
1500000,510957
1500000,1126258
1500000,1541131
1500000,12412889
1500000,2730877
1500000,2082980
1500000,2300000
1500000,2380606
1500000,2592308
1500000,4128828
1500000,5046118
1500000,55000000
1500000,7000000
1500000,9345061
1500000,11191423
1500000,20412216
1500000,9000000
1500000,11806119
1500000,14533681
1500000,22217183
1500000,30351664
1500000,55800987
1500000,99870886
1488000,184925485
1455000,2620000
1400000,1632
1400000,56073
1400000,1945420
1400000,1261792
1350000,28356188
1305000,909000
1300000,13465
1300000,1738663
1300000,16653
1300000,90213
1300000,329621
1300000,210904
1300000,288751
1300000,609042
1300000,635305
1300000,1005840
1300000,749741
1300000,1647780
1300000,5273000
1288000,6000000
1250000,2500000
1250000,2940411
1250000,4700000
1250000,11000000
1250000,21722776
1200000,81338
1200000,4254
1200000,7826
1200000,26608
1200000,58936
1200000,255000
1200000,3048209
1200000,595018
1200000,887000
1200000,2000000
1200000,2509344
1200000,2832029
1200000,2859955
1200000,3700000
1200000,6100000
1200000,7000000
1200000,7000000
1200000,10827356
1200000,27025600
1200000,23046142
1200000,36741667
1200000,103880027
1200000,140556781
1150000,63777092
1125000,414736
1125000,18673274
1100000,27561
1100000,2636
1100000,81371
1100000,56491
1100000,247740
1100000,1355728
1100000,9297407
1100000,29005064
1070000,5348767
1039000,10462500
1000000,26
1000000,5382
1000000,17721
1000000,552614
1000000,703
1000000,884
1000000,1036
1000000,3700
1000000,5494
1000000,6870
1000000,26822
1000000,9837
1000000,844377
1000000,11574
1000000,12996
1000000,15156
1000000,17127
1000000,21210
1000000,22434
1000000,51587
1000000,1549000
1000000,63014
1000000,96734
1000000,102812
1000000,101531
1000000,113433
1000000,130874
1000000,215559
1000000,213137
1000000,227241
1000000,354836
1000000,304472
1000000,839145
1000000,288757
1000000,852399
1000000,428535
1000000,473769
1000000,475367
1000000,501289
1000000,542909
1000000,549185
1000000,703020
1000000,1239174
1000000,627287
1000000,2721096
1000000,1179462
1000000,1156309
1000000,1425707
1000000,852206
1000000,1087521
1000000,2684207
1000000,1492895
1000000,1615787
1000000,1355079
1000000,1849392
1000000,2022442
1000000,2315026
1000000,3575308
1000000,6030129
1000000,3553253
1000000,5438911
1000000,3324070
1000000,3465703
1000000,4731944
1000000,5892466
1000000,5797192
1000000,5391992
1000000,16173879
1000000,11495204
1000000,12931569
1000000,7800000
1000000,9000000
1000000,9000000
1000000,16553163
1000000,16566240
1000000,10037390
1000000,15943081
1000000,14564000
1000000,59567035
1000000,17985000
1000000,42411721
1000000,21378361
1000000,52769915
1000000,28316211
1000000,62561449
1000000,37600000
1000000,101759490
1000000,225000000
989000,8158
950000,78122
950000,814666
950000,8267066
930000,30905
910000,9600000
900000,413733
900000,7396
900000,381420
900000,958978
900000,11993156
900000,9097072
900000,17549645
858000,268000000
850000,3256
850000,442638
850000,865708
850000,1386088
840000,3787689
825000,610776
825000,1500711
820000,16909
800000,462206
800000,35688
800000,2194020
800000,58163
800000,62544
800000,371647
800000,200433
800000,881950
800000,1001437
800000,2900578
800000,5034794
800000,24426169
780000,1310470
777000,140000000
750000,450
750000,1960521
750000,814801
750000,229250
750000,47329
750000,59656
750000,1011535
750000,4422318
750000,5520368
750000,7712436
747000,44566
730000,8000000
700000,1160
700000,10508
700000,1140965
700000,4911725
700000,4857731
700000,11768371
672000,10000650
658000,23800000
650000,171962
650000,2301777
640000,14812
609000,3202000
600000,7943
600000,3301
600000,85343
600000,23616
600000,42557
600000,173599
600000,4300000
600000,20000000
600000,34505110
600000,248300000
560000,8462
560000,3709
560000,1597233
558000,900000
550000,9111
550000,5269990
550000,59754601
500000,7890
500000,2141436
500000,3000000
500000,1778
500000,1822
500000,4134
500000,77121
500000,12232
500000,13134
500000,44793168
500000,19800
500000,32033
500000,53201
500000,55000
500000,680914
500000,314444
500000,152449
500000,602789
500000,5639730
500000,254293
500000,271736
500000,308793
500000,367582
500000,407100
500000,1348750
500000,1027228
500000,1111615
500000,1167524
500000,1971479
500000,1131261
500000,1250798
500000,2047570
500000,3177636
500000,3824868
500000,9470209
500000,9387581
500000,17000000
500000,55518641
500000,31559560
500000,33473297
450000,13486
450000,22623
450000,42503
450000,1297745
450000,450349
450000,4243996
450000,2712293
450000,194183034
439000,2281000
430000,2938000
425000,12604
420000,435168
400000,423
400000,31425
400000,44452
400000,89134
400000,126387
400000,433588
400000,1162014
400000,655538
400000,1600566
400000,2797199
400000,5028948
400000,46122713
379000,4358000
375000,617172
375000,29400000
350000,9118
350000,84689
350000,310891
350000,1772979
350000,4000000
350000,10000000
325000,2500000
325000,70000000
323000,1373407
312000,1788168
300000,177507
300000,1711
300000,3496
300000,10514
300000,10876
300000,2066892
300000,17241
300000,33312
300000,39475
300000,42735
300000,70807
300000,87264
300000,399908
300000,373615
300000,1416046
300000,2525984
300000,3571253
300000,2652515
300000,7808524
270000,830700
250000,3234
250000,12848
250000,20628
250000,18823
250000,284174
250000,237816
250000,51540
250000,62375
250000,67665
250000,178095
250000,191862
250000,203134
250000,743216
250000,8969065
250000,1366235
250000,1157672
250000,2477155
250000,3731489
250000,3809226
250000,4613482
250000,15155095
250000,23894000
245000,22000000
240000,7484
230000,2703762
225000,1032075
225000,1109276
210000,5000000
200000,1217
200000,3648
200000,6260
200000,7033
200000,52443
200000,44701
200000,346106
200000,140016
200000,162605
200000,174682
200000,212989
200000,236806
200000,439651
200000,1165996
200000,1161843
200000,2000000
200000,2430735
200000,3500000
200000,6618578
200000,8000000
200000,99750000
200000,25000000
190000,1577585
180000,17503
180000,1628579
175000,2602
175000,2102779
175000,7137502
170000,14000
170000,169242
168000,29827
160000,32092
160000,156612
150000,32927
150000,5858
150000,7193
150000,110719
150000,3270128
150000,23344056
150000,15200000
140000,6706368
140000,26572439
135000,429448
134000,8000000
120000,3090593
114000,30000000
110000,11000000
103000,16137
100000,1358
100000,20056
100000,59424
100000,110536
100000,287000
100000,6121582
100000,3000000
100000,5228617
100000,7012524
100000,10243159
100000,41753881
87000,3100000
75000,8799
70000,8555
70000,4930
70000,30312
68000,33598
68000,4678513
66000,602920
65000,22233808
60000,4917
50000,8374
50000,406299
50000,424149
50000,2335352
50000,10426506
42000,342722
40000,3632
40000,25572
40000,277233
35000,321952
30000,9812
30000,82698
30000,103509
30000,243768
27000,3547
27000,8231
27000,3894240
25000,428923
25000,195043
25000,2883661
25000,45000000
23000,1227508
15000,115592
15000,195254
12000,1336
12000,413802
10000,401
10000,527
10000,1987
10000,94596
10000,138711
10000,673780
9000,4584
7000,900
7000,71644
7000,841926
7000,2041928
6000,240495
5000,1338
1100,181041
